
insert into `captcha`(`captcha_id`,`captcha_pathToImage`,`captcha_valueCaptcha`) values (1,'/resources/images/captcha/45634bfg4.png','Cth0HspF5Bg');
insert into `captcha`(`captcha_id`,`captcha_pathToImage`,`captcha_valueCaptcha`) values (2,'/resources/images/captcha/asdfskhds15ds.png','GY5dfdk43rv');
insert into `captcha`(`captcha_id`,`captcha_pathToImage`,`captcha_valueCaptcha`) values (3,'/resources/images/captcha/dfgre45fg.png','5Yydfdk43vr');
insert into `captcha`(`captcha_id`,`captcha_pathToImage`,`captcha_valueCaptcha`) values (4,'/resources/images/captcha/dfsg69werth.png','5Yydfd97Ngg');
insert into `captcha`(`captcha_id`,`captcha_pathToImage`,`captcha_valueCaptcha`) values (5,'/resources/images/captcha/eyte6yeh76iu64.png','M95GTGh10Bg');


insert into `mailmessage`(`mailMessage_id`,`mailMessage_mailTo`,`mailMessage_mailFrom`,`mailMessage_mailSubject`,`mailMessage_personName`,`mailMessage_phoneNumber`,`mailMessage_mailText`,`mailMessage_sendDatePerson`,`mailMessage_sendDateServer`,`mailMessage_errorOrException`) values (1,'mailMessage_mailToIn','mailMessage_mailFromIn','mailMessage_mailSubjectIn','mailMessage_personNameIn','mailMessage_phoneNumberIn','mailMessage_mailTextIn','2015-06-23 14:22:00','2015-06-23 14:22:09','mailMessage_errorOrExceptionIn');
insert into `mailmessage`(`mailMessage_id`,`mailMessage_mailTo`,`mailMessage_mailFrom`,`mailMessage_mailSubject`,`mailMessage_personName`,`mailMessage_phoneNumber`,`mailMessage_mailText`,`mailMessage_sendDatePerson`,`mailMessage_sendDateServer`,`mailMessage_errorOrException`) values (2,'mailMessage_mailToIn','mailMessage_mailFromIn','mailMessage_mailSubjectIn','mailMessage_personNameIn','mailMessage_phoneNumberIn','mailMessage_mailTextIn','2015-06-23 14:22:00','2015-06-23 14:22:09','mailMessage_errorOrExceptionIn');
insert into `mailmessage`(`mailMessage_id`,`mailMessage_mailTo`,`mailMessage_mailFrom`,`mailMessage_mailSubject`,`mailMessage_personName`,`mailMessage_phoneNumber`,`mailMessage_mailText`,`mailMessage_sendDatePerson`,`mailMessage_sendDateServer`,`mailMessage_errorOrException`) values (3,'mailMessage_mailToIn','mailMessage_mailFromIn','mailMessage_mailSubjectIn','mailMessage_personNameIn','mailMessage_phoneNumberIn','mailMessage_mailTextIn','2015-06-23 14:22:00','2015-06-23 14:22:09','mailMessage_errorOrExceptionIn');
insert into `mailmessage`(`mailMessage_id`,`mailMessage_mailTo`,`mailMessage_mailFrom`,`mailMessage_mailSubject`,`mailMessage_personName`,`mailMessage_phoneNumber`,`mailMessage_mailText`,`mailMessage_sendDatePerson`,`mailMessage_sendDateServer`,`mailMessage_errorOrException`) values (4,'mailMessage_mailToIn','mailMessage_mailFromIn','mailMessage_mailSubjectIn','mailMessage_personNameIn','mailMessage_phoneNumberIn','mailMessage_mailTextIn','2015-06-25 17:40:13','2015-06-25 17:40:13','mailMessage_errorOrExceptionIn');
insert into `mailmessage`(`mailMessage_id`,`mailMessage_mailTo`,`mailMessage_mailFrom`,`mailMessage_mailSubject`,`mailMessage_personName`,`mailMessage_phoneNumber`,`mailMessage_mailText`,`mailMessage_sendDatePerson`,`mailMessage_sendDateServer`,`mailMessage_errorOrException`) values (5,'mailMessage_mailToIn','mailMessage_mailFromIn','mailMessage_mailSubjectIn','mailMessage_personNameIn','mailMessage_phoneNumberIn','mailMessage_mailTextIn','2015-06-23 14:22:00','2015-06-23 14:22:09','mailMessage_errorOrExceptionIn');
insert into `mailmessage`(`mailMessage_id`,`mailMessage_mailTo`,`mailMessage_mailFrom`,`mailMessage_mailSubject`,`mailMessage_personName`,`mailMessage_phoneNumber`,`mailMessage_mailText`,`mailMessage_sendDatePerson`,`mailMessage_sendDateServer`,`mailMessage_errorOrException`) values (6,'mynzat.dmitrii.est.computer@gmail.com','456456@mail.ru','simpleTheme','imyaMoe','125953','jurt6u7y56','2015-08-02 17:47:10','2015-07-01 17:48:02',null);
insert into `mailmessage`(`mailMessage_id`,`mailMessage_mailTo`,`mailMessage_mailFrom`,`mailMessage_mailSubject`,`mailMessage_personName`,`mailMessage_phoneNumber`,`mailMessage_mailText`,`mailMessage_sendDatePerson`,`mailMessage_sendDateServer`,`mailMessage_errorOrException`) values (7,'mynzat.dmitrii.est.computer@gmail.com','456456@mail.ru','simpleTheme','imyaMoe','125953','jurt6u7y56','2015-08-02 17:47:10','2015-07-01 17:48:02',null);
insert into `mailmessage`(`mailMessage_id`,`mailMessage_mailTo`,`mailMessage_mailFrom`,`mailMessage_mailSubject`,`mailMessage_personName`,`mailMessage_phoneNumber`,`mailMessage_mailText`,`mailMessage_sendDatePerson`,`mailMessage_sendDateServer`,`mailMessage_errorOrException`) values (8,'mynzat.dmitrii.est.computer@gmail.com','456456@mail.ru','simpleTheme','imyaMoe','125953','jurt6u7y56','2015-08-20 17:47:10','2015-07-01 17:48:02',null);
insert into `mailmessage`(`mailMessage_id`,`mailMessage_mailTo`,`mailMessage_mailFrom`,`mailMessage_mailSubject`,`mailMessage_personName`,`mailMessage_phoneNumber`,`mailMessage_mailText`,`mailMessage_sendDatePerson`,`mailMessage_sendDateServer`,`mailMessage_errorOrException`) values (9,'mynzat.dmitrii.est.computer@gmail.com','456456@mail.ru','simpleTheme','imyaMoe','125953','jurt6u7y56','2015-08-02 17:47:10','2015-07-01 17:48:02',null);
insert into `mailmessage`(`mailMessage_id`,`mailMessage_mailTo`,`mailMessage_mailFrom`,`mailMessage_mailSubject`,`mailMessage_personName`,`mailMessage_phoneNumber`,`mailMessage_mailText`,`mailMessage_sendDatePerson`,`mailMessage_sendDateServer`,`mailMessage_errorOrException`) values (10,'mynzat.dmitrii.est.computer@gmail.com','456456@mail.ru','simpleTheme','imyaMoe','125953','jurt6u7y56','2015-08-02 17:47:10','2015-07-01 17:48:02',null);
insert into `mailmessage`(`mailMessage_id`,`mailMessage_mailTo`,`mailMessage_mailFrom`,`mailMessage_mailSubject`,`mailMessage_personName`,`mailMessage_phoneNumber`,`mailMessage_mailText`,`mailMessage_sendDatePerson`,`mailMessage_sendDateServer`,`mailMessage_errorOrException`) values (11,'mynzat.dmitrii.est.computer@gmail.com','456456@mail.ru','simpleTheme','imyaMoe','125953','jurt6u7y56','2015-08-01 17:47:10','2015-07-01 17:48:02',null);

insert into `author`(`author_id`,`author_lastname`,`author_firstname`,`author_middlename`,`author_email`,`author_sex`,`author_dateOfBirth`) values (1,'Ivanov','Ivan','Ivanovic','ivan.ivanov@gmail.com','m','1989-02-15 00:00:00');
insert into `author`(`author_id`,`author_lastname`,`author_firstname`,`author_middlename`,`author_email`,`author_sex`,`author_dateOfBirth`) values (2,'Petrov','Petr','Petrovic','petr.petrov@mail.ru','m','1980-07-18 00:00:00');


insert into `category`(`category_id`,`category_name`,`category_description`) values (1,'database','database');
insert into `category`(`category_id`,`category_name`,`category_description`) values (2,'programming language','programming language');
insert into `category`(`category_id`,`category_name`,`category_description`) values (3,'computer network','computer network');


insert into `tag`(`subcategory_id`,`category_id`,`subcategory_name`,`subcategory_description`) values (3,1,'MySQL','MySQL database');
insert into `tag`(`subcategory_id`,`category_id`,`subcategory_name`,`subcategory_description`) values (4,1,'T-SQL','Microsoft SQL Server, Transact SQL');
insert into `tag`(`subcategory_id`,`category_id`,`subcategory_name`,`subcategory_description`) values (5,2,'JAVA','Java');
insert into `tag`(`subcategory_id`,`category_id`,`subcategory_name`,`subcategory_description`) values (6,2,'JavaScript','JavaScript');
insert into `tag`(`subcategory_id`,`category_id`,`subcategory_name`,`subcategory_description`) values (7,2,'PHP','PHP');
insert into `tag`(`subcategory_id`,`category_id`,`subcategory_name`,`subcategory_description`) values (8,3,'Cisco','Cisco');


insert into `article`(`article_id`,`subcategory_id`,`article_name`,`article_htmltext`,`article_author_id`,`article_created_date`,`article_last_updated_date`) values (1,5,'Hello world in Java','<p>Hello world in Java</p>',1,'2015-07-02 15:04:25','2015-07-02 15:04:29');
insert into `article`(`article_id`,`subcategory_id`,`article_name`,`article_htmltext`,`article_author_id`,`article_created_date`,`article_last_updated_date`) values (5,6,'Hello from JS','<h2>Hello from JS</h2>',2,'2015-07-02 15:25:00','2015-07-02 15:26:00');


insert into `subcategory`(`tag_id`,`tag_name`) values (1,'JAVA SE');
insert into `subcategory`(`tag_id`,`tag_name`) values (2,'JAVA EE');
insert into `subcategory`(`tag_id`,`tag_name`) values (3,'Hibernate');
insert into `subcategory`(`tag_id`,`tag_name`) values (4,'Spring');
insert into `subcategory`(`tag_id`,`tag_name`) values (5,'JDBC');
insert into `subcategory`(`tag_id`,`tag_name`) values (6,'JavaScript');
insert into `subcategory`(`tag_id`,`tag_name`) values (7,'jQuery');


insert into `articletag`(`articletag_id`,`article_id`,`tag_id`) values (1,1,1);
insert into `articletag`(`articletag_id`,`article_id`,`tag_id`) values (2,5,6);

